Date,Open,High,Low,Close,Adj Close,Volume,monthly returns,mr%,,,
01-01-1985,167.199997,180.270004,163.360001,179.630005,179.630005,2673710000,12.430008,6.919783808,,,-27.81682988
01-02-1985,179.630005,183.949997,177.75,181.179993,181.179993,2194620000,1.549988,0.855496225,,,-20.17239164
01-03-1985,181.179993,183.889999,176.529999,180.660004,180.660004,2153090000,-0.519989,-0.287827404,,,-17.06815248
01-04-1985,180.660004,183.610001,177.860001,179.830002,179.830002,1981880000,-0.830002,-0.461548124,,,-15.07743695
01-05-1985,179.830002,189.979996,178.350006,189.550003,189.550003,2350340000,9.720001,5.127935028,,,-12.36262075
01-06-1985,189.550003,191.850006,185.029999,191.850006,191.850006,2117000000,2.300003,1.198854797,,,-11.9713228
01-07-1985,191.850006,196.070007,189.300003,190.919998,190.919998,2463070000,-0.930008,-0.487119217,,,-11.31499256
01-08-1985,190.919998,192.169998,186.100006,188.630005,188.630005,1923200000,-2.289993,-1.214013115,,,-10.41444945
01-09-1985,188.630005,188.800003,179.449997,182.080002,182.080002,1860160000,-6.550003,-3.597321468,,,-10.41356529
01-10-1985,182.059998,190.149994,181.160004,189.820007,189.820007,2543240000,7.760009,4.088088038,,,-10.1674335
01-11-1985,189.820007,203.399994,189.369995,202.169998,202.169998,2445370000,12.349991,6.108715993,,,-9.883749981
01-12-1985,202.169998,213.080002,200.100006,211.279999,211.279999,2804380000,9.110001,4.311814201,,,-9.792165694
01-01-1986,211.279999,214.570007,202.600006,211.779999,211.779999,2879010000,0.5,0.236094061,,,-9.626508125
01-02-1986,211.779999,227.919998,210.820007,226.919998,226.919998,2899100000,15.139999,6.671954492,,,-9.526709039
01-03-1986,226.919998,240.110001,222.179993,238.899994,238.899994,3214600000,11.979996,5.014648933,,,-9.345312109
01-04-1986,238.899994,245.470001,226.300003,235.520004,235.520004,3240400000,-3.37999,-1.435118012,,,-9.34203067
01-05-1986,235.520004,249.190002,232.259995,247.350006,247.350006,2680240000,11.830002,4.782697276,,,-9.336705639
01-06-1986,246.039993,251.809998,238.229996,250.839996,250.839996,2649600000,4.800003,1.91357163,,,-9.305250856
01-07-1986,250.669998,253.199997,233.070007,236.119995,236.119995,3029900000,-14.550003,-6.162122356,,,-9.103085056
01-08-1986,236.119995,254.240005,231.919998,252.929993,252.929993,2701900000,16.809998,6.646107012,,,-8.89965034
01-09-1986,252.929993,254.130005,228.080002,231.320007,231.320007,3166300000,-21.609986,-9.34203067,,,-8.70375887
01-10-1986,231.320007,244.509995,231.320007,243.979996,243.979996,3016740000,12.659989,5.18894549,,,-8.57813699
01-11-1986,243.970001,249.220001,235.509995,249.220001,249.220001,2940830000,5.25,2.106572498,,,-8.081539968
01-12-1986,249.220001,254.869995,241.279999,242.169998,242.169998,3260870000,-7.050003,-2.911179361,,,-7.911896044
01-01-1987,242.169998,280.959991,242.169998,274.079987,274.079987,4040880000,31.909989,11.64258265,,,-7.81152204
01-02-1987,274.079987,287.549988,273.160004,284.200012,284.200012,3485300000,10.120025,3.560881271,,,-7.751316716
01-03-1987,284.170013,302.720001,282.299988,291.700012,291.700012,3965100000,7.529999,2.581418817,,,-7.39030265
01-04-1987,291.589996,303.649994,275.670013,288.359985,288.359985,3931700000,-3.230011,-1.120131491,,,-7.277094784
01-05-1987,286.98999,298.690002,277.01001,290.100006,290.100006,3417700000,3.110016,1.072049616,,,-6.860978172
01-06-1987,290.119995,310.269989,286.929993,304,304,3595000000,13.880005,4.565791118,,,-6.849982093
01-07-1987,303.98999,318.850006,302.529999,318.660004,318.660004,3966400000,14.670014,4.603657132,,,-6.708816253
01-08-1987,318.619995,337.890015,314.51001,329.799988,329.799988,4062400000,11.179993,3.389931294,,,-6.67999908
01-09-1987,329.809998,332.179993,308.559998,321.829987,321.829987,3723200000,-7.980011,-2.479573477,,,-6.543658593
01-10-1987,321.829987,328.940002,216.460007,251.789993,251.789993,6094500000,-70.039994,-27.81682988,,,-6.486519809
01-11-1987,251.729996,257.209991,225.75,230.300003,230.300003,3589530000,-21.429993,-9.305250856,,,-6.449795364
01-12-1987,230.320007,253.350006,221.240005,247.080002,247.080002,3926750000,16.759995,6.783226026,,,-6.420630419
01-01-1988,247.100006,261.779999,240.169998,257.070007,257.070007,3494700000,9.970001,3.878321363,,,-6.162122356
01-02-1988,257.049988,267.820007,247.820007,267.820007,267.820007,3693240000,10.770019,4.021364617,,,-6.094701187
01-03-1988,267.820007,272.640015,256.070007,258.890015,258.890015,4052970000,-8.929992,-3.449338129,,,-6.046480822
01-04-1988,258.890015,272.049988,254.710007,261.329987,261.329987,3260760000,2.439972,0.933674711,,,-5.815246057
01-05-1988,261.359985,263.700012,248.850006,262.160004,262.160004,3231370000,0.800019,0.305164399,,,-5.656424343
01-06-1988,262.160004,276.880005,262.100006,273.5,273.5,4306710000,11.339996,4.146250823,,,-5.650503194
01-07-1988,273.5,276.359985,262.480011,272.019989,272.019989,3338470000,-1.480011,-0.544081707,,,-5.546403461
01-08-1988,272.029999,274.200012,256.529999,261.519989,261.519989,3327470000,-10.51001,-4.018817086,,,-5.490398865
01-09-1988,261.519989,274.869995,256.980011,271.910004,271.910004,3059450000,10.390015,3.821122742,,,-5.394546854
01-10-1988,271.890015,283.950012,268.839996,278.970001,278.970001,3415160000,7.079986,2.537902274,,,-5.363369411
01-11-1988,278.970001,280.369995,262.850006,273.700012,273.700012,2822820000,-5.269989,-1.925461735,,,-5.136568993
01-12-1988,273.679993,280.450012,270.470001,277.720001,277.720001,2844900000,4.040008,1.454705453,,,-5.048857951
01-01-1989,277.720001,297.51001,273.809998,297.470001,297.470001,3532220000,19.75,6.639324952,,,-5.024785483
01-02-1989,297.470001,300.570007,286.26001,288.859985,288.859985,3216280000,-8.610016,-2.980688377,,,-4.80517162
01-03-1989,288.859985,299.98999,286.459991,294.869995,294.869995,3504530000,6.01001,2.038189745,,,-4.794123357
01-04-1989,294.869995,310.450012,294.350006,309.640015,309.640015,3237250000,14.77002,4.770061776,,,-4.594635135
01-05-1989,309.640015,323.059998,304.059998,320.519989,320.519989,3747320000,10.879974,3.394475968,,,-4.451079383
01-06-1989,320.51001,329.190002,314.380005,317.980011,317.980011,3966590000,-2.529999,-0.795647183,,,-4.364882681
01-07-1989,317.980011,346.079987,317.26001,346.079987,346.079987,3249030000,28.099976,8.11950331,,,-4.294972971
01-08-1989,346.079987,352.730011,339,351.450012,351.450012,3949100000,5.370025,1.527962674,,,-4.093104966
01-09-1989,351.450012,354.130005,341.369995,349.149994,349.149994,3035020000,-2.300018,-0.658747827,,,-4.018817086
01-10-1989,349.149994,360.440002,327.119995,340.359985,340.359985,4012670000,-8.790009,-2.582562401,,,-3.979263793
01-11-1989,340.359985,346.5,330.910004,345.98999,345.98999,3032160000,5.630005,1.627216152,,,-3.9753475
01-12-1989,346.01001,354.100006,339.630005,353.399994,353.399994,3213420000,7.389984,2.091110392,,,-3.781366926
01-01-1990,353.399994,360.589996,319.829987,329.079987,329.079987,3793250000,-24.320007,-7.39030265,,,-3.605057065
01-02-1990,329.079987,336.089996,322.100006,331.890015,331.890015,2961970000,2.810028,0.846674462,,,-3.597321468
01-03-1990,331.890015,344.48999,331.079987,339.940002,339.940002,3283280000,8.049987,2.368061115,,,-3.570885633
01-04-1990,339.940002,347.299988,327.76001,330.799988,330.799988,2801220000,-9.140014,-2.763003123,,,-3.550811098
01-05-1990,330.799988,362.26001,330.799988,361.230011,361.230011,3596680000,30.430023,8.424001903,,,-3.549331041
01-06-1990,361.26001,368.779999,351.230011,358.019989,358.019989,3226280000,-3.240021,-0.904983269,,,-3.544696491
01-07-1990,358.019989,369.779999,350.089996,356.149994,356.149994,3373540000,-1.869995,-0.525058271,,,-3.456895963
01-08-1990,356.149994,357.350006,306.179993,322.559998,322.559998,4020730000,-33.589996,-10.41356529,,,-3.449338129
01-09-1990,322.559998,326.529999,295.980011,306.049988,306.049988,2687280000,-16.51001,-5.394546854,,,-3.393872843
01-10-1990,306.100006,319.690002,294.51001,304,304,3671900000,-2.100006,-0.690791447,,,-3.33594926
01-11-1990,303.98999,323.019989,301.609985,322.220001,322.220001,3149770000,18.230011,5.657628621,,,-3.329489773
01-12-1990,322.230011,333.980011,321.970001,330.220001,330.220001,3116830000,7.98999,2.41959602,,,-3.310704359
01-01-1991,330.200012,343.929993,309.350006,343.929993,343.929993,3660240000,13.729981,3.992085971,,,-3.203520435
01-02-1991,343.910004,370.959991,340.369995,367.070007,367.070007,4303170000,23.160003,6.309423968,,,-3.190326676
01-03-1991,367.070007,379.660004,363.730011,375.220001,375.220001,3927920000,8.149994,2.172057454,,,-3.177426815
01-04-1991,375.220001,391.26001,370.269989,375.339996,375.339996,4017200000,0.119995,0.031969681,,,-3.09542975
01-05-1991,375.350006,389.850006,365.829987,389.829987,389.829987,3739700000,14.479981,3.714434877,,,-2.980688377
01-06-1991,389.809998,389.809998,367.980011,371.160004,371.160004,3258730000,-18.649994,-5.024785483,,,-2.939095676
01-07-1991,371.179993,387.809998,370.920013,387.809998,387.809998,3481570000,16.630005,4.288183669,,,-2.911179361
01-08-1991,387.809998,396.820007,374.089996,395.429993,395.429993,3713820000,7.619995,1.927014929,,,-2.818744263
01-09-1991,395.429993,397.619995,382.769989,387.859985,387.859985,3260990000,-7.570008,-1.9517373,,,-2.815354436
01-10-1991,387.859985,393.809998,376.109985,392.450012,392.450012,4082380000,4.590027,1.169582586,,,-2.763003123
01-11-1991,392.459991,398.220001,371.630005,375.220001,375.220001,3737620000,-17.23999,-4.594635135,,,-2.761988988
01-12-1991,375.109985,418.320007,371.359985,417.089996,417.089996,4155310000,41.980011,10.06497672,,,-2.75283303
01-01-1992,417.029999,421.179993,408.640015,408.779999,408.779999,5286280000,-8.25,-2.018200504,,,-2.60796723
01-02-1992,408.790009,418.079987,406.339996,412.700012,412.700012,4267610000,3.910003,0.947420132,,,-2.607247608
01-03-1992,412.679993,413.779999,401.940002,403.690002,403.690002,4066240000,-8.989991,-2.226954087,,,-2.594667052
01-04-1992,403.670013,416.279999,392.410004,414.950012,414.950012,4315840000,11.279999,2.718399488,,,-2.582562401
01-05-1992,414.950012,418.75,409.850006,415.350006,415.350006,3643980000,0.399994,0.096302876,,,-2.56782542
01-06-1992,415.350006,417.299988,399.920013,408.140015,408.140015,4259830000,-7.209991,-1.766548423,,,-2.560997424
01-07-1992,408.200012,424.799988,407.200012,424.209991,424.209991,4265220000,16.009979,3.774069291,,,-2.516785725
01-08-1992,424.190002,425.140015,408.299988,414.029999,414.029999,3653820000,-10.160003,-2.45392919,,,-2.479573477
01-09-1992,414.029999,425.269989,412.709991,417.799988,417.799988,4023850000,3.769989,0.902343013,,,-2.45392919
01-10-1992,417.799988,421.160004,396.799988,418.679993,418.679993,4507010000,0.880005,0.210185587,,,-2.240608091
01-11-1992,418.660004,431.929993,415.579987,431.350006,431.350006,4148770000,12.690002,2.941926933,,,-2.226954087
01-12-1992,431.350006,442.649994,428.609985,435.709991,435.709991,4876150000,4.359985,1.000662158,,,-2.209243485
01-01-1993,435.700012,442.660004,426.880005,438.779999,438.779999,5280850000,3.079987,0.701943345,,,-2.206851968
01-02-1993,438.779999,450.040009,428.25,443.380005,443.380005,5442450000,4.600006,1.037486118,,,-2.197806277
01-03-1993,443.380005,456.76001,441.070007,451.670013,451.670013,5766950000,8.290008,1.835412527,,,-2.194569703
01-04-1993,451.670013,452.630005,432.299988,440.190002,440.190002,5853170000,-11.480011,-2.60796723,,,-2.163198513
01-05-1993,440.190002,454.549988,436.859985,450.190002,450.190002,5108640000,10,2.221284337,,,-2.120659187
01-06-1993,450.230011,455.630005,442.5,450.529999,450.529999,5544400000,0.299988,0.066585577,,,-2.052123481
01-07-1993,450.540009,451.149994,441.399994,448.130005,448.130005,5308530000,-2.410004,-0.53779126,,,-2.052071552
01-08-1993,448.130005,463.559998,446.940002,463.559998,463.559998,5506200000,15.429993,3.328585958,,,-2.035179392
01-09-1993,463.549988,463.799988,449.640015,458.929993,458.929993,5552720000,-4.619995,-1.006688399,,,-2.018200504
01-10-1993,458.929993,471.100006,456.399994,467.829987,467.829987,5940460000,8.899994,1.902399215,,,-1.9517373
01-11-1993,467.829987,469.109985,454.359985,461.790009,461.790009,5876610000,-6.039978,-1.307949042,,,-1.94902639
01-12-1993,461.929993,471.290009,461.450012,466.450012,466.450012,5791210000,4.520019,0.96902538,,,-1.925461735
01-01-1994,466.51001,482.850006,464.359985,481.609985,481.609985,6627390000,15.099975,3.135311864,,,-1.918745076
01-02-1994,481.600006,482.230011,464.26001,467.140015,467.140015,5853100000,-14.459991,-3.09542975,,,-1.907589857
01-03-1994,467.190002,471.089996,436.160004,445.769989,445.769989,7225010000,-21.420013,-4.80517162,,,-1.859699518
01-04-1994,445.660004,452.790009,435.859985,450.910004,450.910004,5735010000,5.25,1.164312158,,,-1.840452551
01-05-1994,450.910004,457.769989,440.779999,456.5,456.5,5675970000,5.589996,1.224533625,,,-1.81395014
01-06-1994,456.5,463.230011,439.829987,444.269989,444.269989,5852670000,-12.230011,-2.75283303,,,-1.806627555
01-07-1994,444.269989,459.329987,443.579987,458.26001,458.26001,4980100000,13.990021,3.052856609,,,-1.806119984
01-08-1994,458.279999,477.589996,456.079987,475.48999,475.48999,6398750000,17.209991,3.619422356,,,-1.805709633
01-09-1994,475.48999,475.48999,458.470001,462.709991,462.709991,6152870000,-12.779999,-2.761988988,,,-1.795742434
01-10-1994,462.690002,474.73999,449.269989,472.350006,472.350006,6344700000,9.660004,2.045094501,,,-1.766548423
01-11-1994,472.26001,472.26001,444.179993,453.690002,453.690002,6251240000,-18.570008,-4.093104966,,,-1.729773237
01-12-1994,453.549988,462.730011,442.880005,459.269989,459.269989,6351530000,5.720001,1.245454991,,,-1.707749586
01-01-1995,459.209991,471.359985,457.200012,470.420013,470.420013,6852060000,11.210022,2.382981525,,,-1.663098414
01-02-1995,470.420013,489.190002,469.290009,487.390015,487.390015,6330100000,16.970002,3.481811584,,,-1.661274975
01-03-1995,487.390015,508.149994,479.700012,500.709991,500.709991,7792400000,13.319976,2.660217739,,,-1.637773119
01-04-1995,500.700012,515.289978,500.200012,514.710022,514.710022,6307030000,14.01001,2.721922908,,,-1.611320159
01-05-1995,514.76001,533.409973,513.030029,533.400024,533.400024,7555690000,18.640014,3.494565647,,,-1.583156831
01-06-1995,533.400024,551.070007,526,544.75,544.75,7555650000,11.349976,2.083520147,,,-1.582021392
01-07-1995,544.75,565.400024,542.51001,562.059998,562.059998,7307960000,17.309998,3.079742031,,,-1.578866186
01-08-1995,562.059998,565.619995,553.039978,561.880005,561.880005,7146620000,-0.179993,-0.032034064,,,-1.487511948
01-09-1995,561.880005,587.609985,561.01001,584.409973,584.409973,7052830000,22.529968,3.855164874,,,-1.435118012
01-10-1995,584.409973,590.659973,571.549988,581.5,581.5,8043320000,-2.909973,-0.500425279,,,-1.356135229
01-11-1995,581.5,608.690002,581.039978,605.369995,605.369995,7602150000,23.869995,3.943042304,,,-1.307949042
01-12-1995,605.369995,622.880005,605.049988,615.929993,615.929993,7697540000,10.559998,1.714480236,,,-1.214013115
01-01-1996,615.929993,636.179993,597.289978,636.02002,636.02002,9188050000,20.090027,3.158709847,,,-1.208875704
01-02-1996,636.02002,664.22998,633.710022,640.429993,640.429993,8749960000,4.409973,0.688595639,,,-1.175182836
01-03-1996,640.429993,656.969971,627.630005,645.5,645.5,8984200000,5.070007,0.78543873,,,-1.134946982
01-04-1996,645.5,656.679993,624.140015,654.169983,654.169983,8875580000,8.669983,1.325341001,,,-1.120131491
01-05-1996,654.169983,681.099976,630.070007,669.119995,669.119995,8921140000,14.950012,2.234279668,,,-1.088980971
01-06-1996,669.119995,680.320007,658.75,670.630005,670.630005,7930840000,1.51001,0.225162905,,,-1.006688399
01-07-1996,670.630005,675.880005,605.880005,639.950012,639.950012,8849860000,-30.679993,-4.794123357,,,-0.955115327
01-08-1996,639.950012,670.679993,639.48999,651.98999,651.98999,7380320000,12.039978,1.846650744,,,-0.916471022
01-09-1996,651.98999,690.880005,643.969971,687.330017,687.330017,8064070000,35.340027,5.141638824,,,-0.904983269
01-10-1996,687.309998,714.099976,684.440002,705.27002,705.27002,9703670000,17.960022,2.546545506,,,-0.795647183
01-11-1996,705.27002,762.119995,701.299988,757.02002,757.02002,8763850000,51.75,6.83601472,,,-0.767524321
01-12-1996,757.02002,761.75,716.690002,740.73999,740.73999,9089170000,-16.28003,-2.197806277,,,-0.755408914
01-01-1997,740.73999,794.669983,729.549988,786.159973,786.159973,11635830000,45.419983,5.777447919,,,-0.736858884
01-02-1997,786.159973,817.679993,773.429993,790.820007,790.820007,9715930000,4.660034,0.589266073,,,-0.734581259
01-03-1997,790.820007,814.900024,756.130005,757.119995,757.119995,10120760000,-33.700012,-4.451079383,,,-0.690791447
01-04-1997,757.119995,804.130005,733.539978,801.340027,801.340027,10454880000,44.220032,5.518260727,,,-0.658747827
01-05-1997,801.340027,851.869995,793.210022,848.280029,848.280029,10106650000,46.940002,5.533550289,,,-0.629345187
01-06-1997,848.280029,902.090027,838.820007,885.140015,885.140015,10857950000,36.859986,4.164311338,,,-0.593699679
01-07-1997,885.140015,957.72998,884.539978,954.309998,954.309998,11958120000,69.169983,7.248167068,,,-0.585922756
01-08-1997,954.289978,964.169983,893.340027,899.469971,899.469971,10606100000,-54.820007,-6.094701187,,,-0.544081707
01-09-1997,899.469971,960.590027,899.469971,947.280029,947.280029,11383000000,47.810058,5.04708814,,,-0.53779126
01-10-1997,947.280029,983.119995,855.27002,914.619995,914.619995,14017260000,-32.660034,-3.570885633,,,-0.525058271
01-11-1997,914.619995,964.549988,900.609985,955.400024,955.400024,10173620000,40.780029,4.268372198,,,-0.500425279
01-12-1997,955.400024,986.25,924.919983,970.429993,970.429993,11958880000,15.029969,1.548794772,,,-0.498110807
01-01-1998,970.429993,992.650024,912.830017,980.280029,980.280029,12733830000,9.850036,1.004818594,,,-0.487119217
01-02-1998,980.280029,1051.660034,980.280029,1049.339966,1049.339966,11656550000,69.059937,6.581273871,,,-0.461548124
01-03-1998,1049.339966,1113.069946,1030.869995,1101.75,1101.75,13719590000,52.410034,4.756980622,,,-0.437076938
01-04-1998,1101.75,1132.97998,1076.699951,1111.75,1111.75,13656060000,10,0.899482797,,,-0.428577967
01-05-1998,1111.75,1130.52002,1074.390015,1090.819946,1090.819946,11477140000,-20.930054,-1.918745076,,,-0.334165201
01-06-1998,1090.819946,1145.150024,1074.670044,1133.839966,1133.839966,13551970000,43.02002,3.794188006,,,-0.323991076
01-07-1998,1133.839966,1190.579956,1114.300049,1120.670044,1120.670044,14194800000,-13.169922,-1.175182836,,,-0.287827404
01-08-1998,1120.670044,1121.790039,957.280029,957.280029,957.280029,15071550000,-163.390015,-17.06815248,,,-0.243757785
01-09-1998,957.280029,1066.109985,939.97998,1017.01001,1017.01001,16714080000,59.729981,5.873096667,,,-0.220508414
01-10-1998,1017.01001,1103.780029,923.320007,1098.670044,1098.670044,18001650000,81.660034,7.432625878,,,-0.211947165
01-11-1998,1098.670044,1192.969971,1098.670044,1163.630005,1163.630005,13451280000,64.959961,5.582527154,,,-0.141129009
01-12-1998,1163.630005,1244.930054,1136.890015,1229.22998,1229.22998,15181450000,65.599975,5.336672231,,,-0.101335869
01-01-1999,1229.22998,1280.369995,1205.459961,1279.640015,1279.640015,16213500000,50.410035,3.939391892,,,-0.095325683
01-02-1999,1279.640015,1283.839966,1211.890015,1238.329956,1238.329956,14555860000,-41.310059,-3.33594926,,,-0.032034064
01-03-1999,1238.329956,1323.819946,1216.030029,1286.369995,1286.369995,18002500000,48.040039,3.734542875,,,-0.016828318
01-04-1999,1286.369995,1371.560059,1282.560059,1335.180054,1335.180054,18523200000,48.810059,3.655691145,,,-0.01427346
01-05-1999,1335.180054,1375.97998,1277.310059,1301.839966,1301.839966,15880260000,-33.340088,-2.560997424,,,-0.012133521
01-06-1999,1301.839966,1372.930054,1277.469971,1372.709961,1372.709961,16079170000,70.869995,5.162779976,,,0.011801449
01-07-1999,1372.709961,1420.329956,1328.48999,1328.719971,1328.719971,15332930000,-43.98999,-3.310704359,,,0.031969681
01-08-1999,1328.719971,1382.839966,1267.72998,1320.410034,1320.410034,15818550000,-8.309937,-0.629345187,,,0.037269679
01-09-1999,1320.410034,1361.390015,1256.26001,1282.709961,1282.709961,16438700000,-37.700073,-2.939095676,,,0.045295237
01-10-1999,1282.709961,1373.170044,1233.699951,1362.930054,1362.930054,18832000000,80.220093,5.88585546,,,0.066585577
01-11-1999,1362.930054,1425.310059,1346.410034,1388.910034,1388.910034,18384820000,25.97998,1.870530082,,,0.096302876
01-12-1999,1388.910034,1473.099976,1387.380005,1469.25,1469.25,19640690000,80.339966,5.468093653,,,0.210185587
01-01-2000,1469.25,1478,1350.140015,1394.459961,1394.459961,21494400000,-74.790039,-5.363369411,,,0.225162905
01-02-2000,1394.459961,1444.550049,1325.069946,1366.420044,1366.420044,20912000000,-28.039917,-2.052071552,,,0.228212981
01-03-2000,1366.420044,1552.869995,1346.619995,1498.579956,1498.579956,26156200000,132.159912,8.819009721,,,0.234420864
01-04-2000,1498.579956,1527.189941,1339.400024,1452.430054,1452.430054,20106460000,-46.149902,-3.177426815,,,0.236094061
01-05-2000,1452.430054,1481.51001,1361.089966,1420.599976,1420.599976,19898300000,-31.830078,-2.240608091,,,0.281044984
01-06-2000,1420.599976,1488.930054,1420.599976,1454.599976,1454.599976,21738300000,34,2.337412386,,,0.288524406
01-07-2000,1454.599976,1517.319946,1413.890015,1430.829956,1430.829956,19089100000,-23.77002,-1.661274975,,,0.300967372
01-08-2000,1430.829956,1525.209961,1425.430054,1517.680054,1517.680054,20363700000,86.850098,5.722556462,,,0.305164399
01-09-2000,1517.680054,1530.089966,1419.439941,1436.51001,1436.51001,20838300000,-81.170044,-5.650503194,,,0.311975338
01-10-2000,1436.52002,1454.819946,1305.790039,1429.400024,1429.400024,25951400000,-7.119996,-0.498110807,,,0.320210376
01-11-2000,1429.400024,1438.459961,1294.900024,1314.949951,1314.949951,20532300000,-114.450073,-8.70375887,,,0.403708144
01-12-2000,1314.949951,1389.050049,1254.069946,1320.280029,1320.280029,23610800000,5.330078,0.403708144,,,0.420274623
01-01-2001,1320.280029,1383.369995,1274.619995,1366.01001,1366.01001,27829800000,45.729981,3.347704678,,,0.485772044
01-02-2001,1366.01001,1376.380005,1215.439941,1239.939941,1239.939941,21644400000,-126.070069,-10.1674335,,,0.506440833
01-03-2001,1239.939941,1267.420044,1081.189941,1160.329956,1160.329956,27806610000,-79.609985,-6.860978172,,,0.516972007
01-04-2001,1160.329956,1269.300049,1091.98999,1249.459961,1249.459961,25409990000,89.130005,7.133482287,,,0.530268333
01-05-2001,1249.459961,1315.930054,1232,1255.819946,1255.819946,24525900000,6.359985,0.506440833,,,0.551352797
01-06-2001,1255.819946,1286.619995,1203.030029,1224.380005,1224.380005,24748030000,-31.439941,-2.56782542,,,0.584081535
01-07-2001,1224.420044,1239.780029,1165.540039,1211.22998,1211.22998,23793710000,-13.190064,-1.088980971,,,0.589266073
01-08-2001,1211.22998,1226.27002,1124.869995,1133.579956,1133.579956,23359200000,-77.650024,-6.849982093,,,0.589800176
01-09-2001,1133.579956,1155.400024,944.75,1040.939941,1040.939941,25025290000,-92.640015,-8.89965034,,,0.688595639
01-10-2001,1040.939941,1110.609985,1026.76001,1059.780029,1059.780029,29951280000,18.840088,1.777735708,,,0.6901069
01-11-2001,1059.780029,1163.380005,1054.310059,1139.449951,1139.449951,26330000000,79.669922,6.991963265,,,0.690649591
01-12-2001,1139.449951,1173.619995,1114.530029,1148.079956,1148.079956,25128570000,8.630005,0.751690242,,,0.701943345
01-01-2002,1148.079956,1176.969971,1081.660034,1130.199951,1130.199951,29746200000,-17.880005,-1.582021392,,,0.707804796
01-02-2002,1130.199951,1130.199951,1074.359985,1106.72998,1106.72998,26047600000,-23.469971,-2.120659187,,,0.751690242
01-03-2002,1106.72998,1173.939941,1106.72998,1147.390015,1147.390015,26563200000,40.660035,3.543697824,,,0.782972765
01-04-2002,1147.390015,1147.839966,1063.459961,1076.920044,1076.920044,28568900000,-70.469971,-6.543658593,,,0.78543873
01-05-2002,1076.920044,1106.589966,1048.959961,1067.140015,1067.140015,26905500000,-9.780029,-0.916471022,,,0.828829854
01-06-2002,1067.140015,1070.73999,952.919983,989.820007,989.820007,29981510000,-77.320008,-7.81152204,,,0.846674462
01-07-2002,989.820007,994.460022,775.679993,911.619995,911.619995,42228720000,-78.200012,-8.57813699,,,0.850027211
01-08-2002,911.619995,965,833.440002,916.070007,916.070007,29298400000,4.450012,0.485772044,,,0.855496225
01-09-2002,916.070007,924.02002,800.200012,815.280029,815.280029,27723710000,-100.789978,-12.36262075,,,0.857350332
01-10-2002,815.280029,907.440002,768.630005,885.76001,885.76001,37856310000,70.479981,7.957006436,,,0.899482797
01-11-2002,885.76001,941.820007,872.049988,936.309998,936.309998,29200960000,50.549988,5.398851674,,,0.902343013
01-12-2002,936.309998,954.280029,869.450012,879.820007,879.820007,25993640000,-56.489991,-6.420630419,,,0.916863663
01-01-2003,879.820007,935.049988,840.340027,855.700012,855.700012,30749580000,-24.119995,-2.818744263,,,0.927700695
01-02-2003,855.700012,864.640015,806.289978,841.150024,841.150024,25235300000,-14.549988,-1.729773237,,,0.933674711
01-03-2003,841.150024,895.900024,788.900024,848.179993,848.179993,30080030000,7.029969,0.828829854,,,0.947420132
01-04-2003,848.179993,924.23999,847.849976,916.919983,916.919983,29669610000,68.73999,7.496836286,,,0.949516274
01-05-2003,916.919983,965.380005,902.830017,963.590027,963.590027,30952100000,46.670044,4.843350667,,,0.966085435
01-06-2003,963.590027,1015.330017,963.590027,974.5,974.5,31219400000,10.909973,1.119545716,,,0.96902538
01-07-2003,974.5,1015.409973,962.099976,990.309998,990.309998,31553200000,15.809998,1.596469594,,,0.989537051
01-08-2003,990.309998,1011.01001,960.840027,1008.01001,1008.01001,24881470000,17.700012,1.755936134,,,1.000662158
01-09-2003,1008.01001,1040.290039,990.359985,995.969971,995.969971,29940110000,-12.040039,-1.208875704,,,1.004818594
01-10-2003,995.969971,1053.790039,995.969971,1050.709961,1050.709961,32298500000,54.73999,5.209809751,,,1.029008837
01-11-2003,1050.709961,1063.650024,1031.199951,1058.199951,1058.199951,24463220000,7.48999,0.707804796,,,1.037486118
01-12-2003,1058.199951,1112.560059,1053.410034,1111.920044,1111.920044,27839130000,53.720093,4.831290999,,,1.045338233
01-01-2004,1111.920044,1155.380005,1105.079956,1131.130005,1131.130005,32820000000,19.209961,1.698298243,,,1.066348789
01-02-2004,1131.130005,1158.97998,1124.439941,1144.939941,1144.939941,27985600000,13.809936,1.206171215,,,1.072049616
01-03-2004,1144.939941,1163.22998,1087.160034,1126.209961,1126.209961,33597900000,-18.72998,-1.663098414,,,1.093964957
01-04-2004,1126.209961,1150.569946,1107.22998,1107.300049,1107.300049,31611900000,-18.909912,-1.707749586,,,1.097404454
01-05-2004,1107.300049,1127.73999,1076.319946,1120.680054,1120.680054,29326400000,13.380005,1.193918367,,,1.119545716
01-06-2004,1120.680054,1146.339966,1113.319946,1140.839966,1140.839966,27529500000,20.159912,1.767111304,,,1.164312158
01-07-2004,1140.839966,1140.839966,1078.780029,1101.719971,1101.719971,29285600000,-39.119995,-3.550811098,,,1.169582586
01-08-2004,1101.719971,1109.680054,1060.719971,1104.23999,1104.23999,26586800000,2.520019,0.228212981,,,1.193918367
01-09-2004,1104.23999,1131.540039,1099.180054,1114.579956,1114.579956,26829870000,10.339966,0.927700695,,,1.197964237
01-10-2004,1114.579956,1142.050049,1090.290039,1130.199951,1130.199951,31511000000,15.619995,1.382055891,,,1.198854797
01-11-2004,1130.199951,1188.459961,1127.599976,1173.819946,1173.819946,30460280000,43.619995,3.716072056,,,1.206171215
01-12-2004,1173.780029,1217.329956,1173.780029,1211.920044,1211.920044,31102500000,38.140015,3.147073537,,,1.224533625
01-01-2005,1211.920044,1217.800049,1163.75,1181.27002,1181.27002,31498800000,-30.650024,-2.594667052,,,1.231765701
01-02-2005,1181.27002,1212.439941,1180.949951,1203.599976,1203.599976,29297410000,22.329956,1.855263912,,,1.245454991
01-03-2005,1203.599976,1229.109985,1163.689941,1180.589966,1180.589966,39014150000,-23.01001,-1.94902639,,,1.245860776
01-04-2005,1180.589966,1191.880005,1136.150024,1156.849976,1156.849976,43424270000,-23.73999,-2.052123481,,,1.276123727
01-05-2005,1156.849976,1199.560059,1146.180054,1191.5,1191.5,39321990000,34.650024,2.908101049,,,1.276458236
01-06-2005,1191.5,1219.589966,1188.300049,1191.329956,1191.329956,40334040000,-0.170044,-0.01427346,,,1.302780151
01-07-2005,1191.329956,1245.150024,1183.550049,1234.180054,1234.180054,37464670000,42.850098,3.471948672,,,1.325341001
01-08-2005,1234.180054,1245.859985,1201.069946,1220.329956,1220.329956,42030090000,-13.850098,-1.134946982,,,1.382055891
01-09-2005,1220.329956,1243.130005,1205.349976,1228.810059,1228.810059,44777510000,8.480103,0.6901069,,,1.405186974
01-10-2005,1228.810059,1233.339966,1168.199951,1207.01001,1207.01001,49793790000,-21.800049,-1.806119984,,,1.420159264
01-11-2005,1207.01001,1270.640015,1201.069946,1249.47998,1249.47998,45102870000,42.46997,3.399011643,,,1.425729384
01-12-2005,1249.47998,1275.800049,1246.589966,1248.290039,1248.290039,41756130000,-1.189941,-0.095325683,,,1.453677818
01-01-2006,1248.290039,1294.900024,1245.73999,1280.079956,1280.079956,49211650000,31.789917,2.483432136,,,1.454705453
01-02-2006,1280.079956,1297.569946,1253.609985,1280.660034,1280.660034,42859940000,0.580078,0.045295237,,,1.527962674
01-03-2006,1280.660034,1310.880005,1268.420044,1294.869995,1294.869995,50905040000,14.209961,1.097404454,,,1.543015293
01-04-2006,1302.880005,1318.160034,1280.73999,1310.609985,1310.609985,43308430000,7.72998,0.589800176,,,1.548794772
01-05-2006,1310.609985,1326.699951,1245.339966,1270.089966,1270.089966,54312830000,-40.520019,-3.190326676,,,1.575118618
01-06-2006,1270.050049,1290.680054,1219.290039,1270.199951,1270.199951,54873260000,0.149902,0.011801449,,,1.596469594
01-07-2006,1270.060059,1280.420044,1224.540039,1276.660034,1276.660034,46348220000,6.599975,0.516972007,,,1.613625328
01-08-2006,1278.530029,1306.73999,1261.300049,1303.819946,1303.819946,50485620000,25.289917,1.93967864,,,1.620815389
01-09-2006,1303.800049,1340.280029,1290.930054,1335.849976,1335.849976,49001440000,32.049927,2.399216048,,,1.627216152
01-10-2006,1335.819946,1389.449951,1327.099976,1377.939941,1377.939941,56793620000,42.119995,3.056736636,,,1.632836289
01-11-2006,1377.76001,1407.890015,1360.97998,1400.630005,1400.630005,55343930000,22.869995,1.632836289,,,1.698298243
01-12-2006,1400.630005,1431.810059,1385.930054,1418.300049,1418.300049,47578780000,17.670044,1.245860776,,,1.714480236
01-01-2007,1418.030029,1441.609985,1403.969971,1438.23999,1438.23999,56686200000,20.209961,1.405186974,,,1.726801707
01-02-2007,1437.900024,1461.569946,1389.420044,1406.819946,1406.819946,51844990000,-31.080078,-2.209243485,,,1.751087842
01-03-2007,1406.800049,1438.890015,1363.97998,1420.859985,1420.859985,67622250000,14.059936,0.989537051,,,1.755936134
01-04-2007,1420.829956,1498.02002,1416.369995,1482.369995,1482.369995,57032470000,61.540039,4.151462807,,,1.767111304
01-05-2007,1482.369995,1535.560059,1476.699951,1530.619995,1530.619995,64958050000,48.25,3.152317372,,,1.773466761
01-06-2007,1530.619995,1540.560059,1484.180054,1503.349976,1503.349976,65322800000,-27.270019,-1.81395014,,,1.777067231
01-07-2007,1504.660034,1555.900024,1454.25,1455.27002,1455.27002,70337430000,-49.390014,-3.393872843,,,1.777735708
01-08-2007,1455.180054,1503.890015,1370.599976,1473.98999,1473.98999,91381760000,18.809936,1.276123727,,,1.783793626
01-09-2007,1473.959961,1538.73999,1439.290039,1526.75,1526.75,57809700000,52.790039,3.457674079,,,1.835412527
01-10-2007,1527.290039,1576.089966,1489.560059,1549.380005,1549.380005,76022580000,22.089966,1.425729384,,,1.846650744
01-11-2007,1545.790039,1545.790039,1406.099976,1481.140015,1481.140015,86246950000,-64.650024,-4.364882681,,,1.85488363
01-12-2007,1479.630005,1523.569946,1435.650024,1468.359985,1468.359985,64821670000,-11.27002,-0.767524321,,,1.855263912
01-01-2008,1467.969971,1471.77002,1270.050049,1378.550049,1378.550049,98475340000,-89.419922,-6.486519809,,,1.870530082
01-02-2008,1378.599976,1396.02002,1316.75,1330.630005,1330.630005,78536130000,-47.969971,-3.605057065,,,1.884350902
01-03-2008,1330.449951,1359.680054,1256.97998,1322.699951,1322.699951,93189170000,-7.75,-0.585922756,,,1.902399215
01-04-2008,1326.410034,1404.569946,1324.349976,1385.589966,1385.589966,85978630000,59.179932,4.271099925,,,1.91357163
01-05-2008,1385.969971,1440.23999,1373.069946,1400.380005,1400.380005,80990480000,14.410034,1.029008837,,,1.927014929
01-06-2008,1399.619995,1404.050049,1272,1280,1280,96614040000,-119.619995,-9.345312109,,,1.938034868
01-07-2008,1276.689941,1292.170044,1200.439941,1267.380005,1267.380005,1.24981E+11,-9.309936,-0.734581259,,,1.93967864
01-08-2008,1269.420044,1313.150024,1247.449951,1282.829956,1282.829956,86266010000,13.409912,1.045338233,,,1.984008245
01-09-2008,1287.829956,1303.040039,1106.420044,1166.359985,1166.359985,1.40007E+11,-121.469971,-10.41444945,,,2.035268725
01-10-2008,1164.170044,1167.030029,839.799988,968.75,968.75,1.59823E+11,-195.420044,-20.17239164,,,2.036834225
01-11-2008,968.669983,1007.51001,741.02002,896.23999,896.23999,1.1566E+11,-72.429993,-8.081539968,,,2.038189745
01-12-2008,888.609985,918.849976,815.690002,903.25,903.25,1.12884E+11,14.640015,1.620815389,,,2.045094501
01-01-2009,902.98999,943.849976,804.299988,825.880005,825.880005,1.12091E+11,-77.109985,-9.336705639,,,2.083520147
01-02-2009,823.090027,875.01001,734.52002,735.090027,735.090027,1.24492E+11,-88,-11.9713228,,,2.091110392
01-03-2009,729.570007,832.97998,666.789978,797.869995,797.869995,1.61844E+11,68.299988,8.560290326,,,2.098578698
01-04-2009,793.590027,888.700012,783.320007,872.809998,872.809998,1.38855E+11,79.219971,9.076427995,,,2.0992078
01-05-2009,872.73999,930.169983,866.099976,919.140015,919.140015,1.31615E+11,46.400025,5.048199865,,,2.106572498
01-06-2009,923.26001,956.22998,888.859985,919.320007,919.320007,1.12653E+11,-3.940003,-0.428577967,,,2.150721255
01-07-2009,920.820007,996.679993,869.320007,987.47998,987.47998,1.06636E+11,66.659973,6.750513869,,,2.172057454
01-08-2009,990.219971,1039.469971,978.51001,1020.619995,1020.619995,1.16059E+11,30.400024,2.978584013,,,2.215967414
01-09-2009,1019.52002,1080.150024,991.969971,1057.079956,1057.079956,1.12295E+11,37.559936,3.553178337,,,2.221284337
01-10-2009,1054.910034,1101.359985,1019.950012,1036.189941,1036.189941,1.13411E+11,-18.720093,-1.806627555,,,2.234279668
01-11-2009,1036.180054,1113.689941,1029.380005,1095.630005,1095.630005,84981530000,59.449951,5.42609738,,,2.262001793
01-12-2009,1098.890015,1130.380005,1085.890015,1115.099976,1115.099976,89515330000,16.209961,1.453677818,,,2.275307223
01-01-2010,1116.560059,1150.449951,1071.589966,1073.869995,1073.869995,90947580000,-42.690064,-3.9753475,,,2.303284276
01-02-2010,1073.890015,1112.420044,1044.5,1104.48999,1104.48999,84561340000,30.599975,2.770507228,,,2.309660656
01-03-2010,1105.359985,1180.689941,1105.359985,1169.430054,1169.430054,1.03684E+11,64.070069,5.478743152,,,2.337412386
01-04-2010,1171.22998,1219.800049,1170.689941,1186.689941,1186.689941,1.16742E+11,15.459961,1.302780151,,,2.368061115
01-05-2010,1188.579956,1205.130005,1040.780029,1089.410034,1089.410034,1.27663E+11,-99.169922,-9.103085056,,,2.369036903
01-06-2010,1087.300049,1131.22998,1028.329956,1030.709961,1030.709961,1.10107E+11,-56.590088,-5.490398865,,,2.382981525
01-07-2010,1031.099976,1120.949951,1010.909973,1101.599976,1101.599976,94778110000,70.5,6.399782275,,,2.386876153
01-08-2010,1107.530029,1129.23999,1039.699951,1049.329956,1049.329956,85738250000,-58.200073,-5.546403461,,,2.399216048
01-09-2010,1049.719971,1157.160034,1049.719971,1141.199951,1141.199951,79589450000,91.47998,8.016121971,,,2.41959602
01-10-2010,1143.48999,1196.140015,1131.869995,1183.26001,1183.26001,89536270000,39.77002,3.361055023,,,2.431281212
01-11-2010,1185.709961,1227.079956,1173,1180.550049,1180.550049,87151070000,-5.159912,-0.437076938,,,2.483432136
01-12-2010,1186.599976,1262.599976,1186.599976,1257.640015,1257.640015,80984530000,71.040039,5.64867833,,,2.502915451
01-01-2011,1257.619995,1302.670044,1257.619995,1286.119995,1286.119995,92164940000,28.5,2.215967414,,,2.537902274
01-02-2011,1289.140015,1344.069946,1289.140015,1327.219971,1327.219971,59223660000,38.079956,2.869151824,,,2.546545506
01-03-2011,1328.640015,1332.280029,1249.050049,1325.829956,1325.829956,89507640000,-2.810059,-0.211947165,,,2.560877809
01-04-2011,1329.47998,1364.560059,1294.699951,1363.609985,1363.609985,77364810000,34.130005,2.502915451,,,2.581418817
01-05-2011,1365.209961,1370.579956,1311.800049,1345.199951,1345.199951,81708980000,-20.01001,-1.487511948,,,2.608807486
01-06-2011,1345.199951,1345.199951,1258.069946,1320.640015,1320.640015,86122730000,-24.559936,-1.859699518,,,2.660217739
01-07-2011,1320.640015,1356.47998,1282.859985,1292.280029,1292.280029,81102170000,-28.359986,-2.194569703,,,2.690679347
01-08-2011,1292.589966,1307.380005,1101.540039,1218.890015,1218.890015,1.08419E+11,-73.699951,-6.046480822,,,2.71178952
01-09-2011,1219.119995,1229.290039,1114.219971,1131.420044,1131.420044,1.02787E+11,-87.699951,-7.751316716,,,2.718399488
01-10-2011,1131.209961,1292.660034,1074.77002,1253.300049,1253.300049,98063670000,122.090088,9.741489127,,,2.721922908
01-11-2011,1251,1277.550049,1158.660034,1246.959961,1246.959961,84275050000,-4.040039,-0.323991076,,,2.769241551
01-12-2011,1246.910034,1269.369995,1202.369995,1257.599976,1257.599976,74742430000,10.689942,0.850027211,,,2.770507228
01-01-2012,1258.859985,1333.469971,1258.859985,1312.410034,1312.410034,79567560000,53.550049,4.080283418,,,2.869151824
01-02-2012,1312.449951,1378.040039,1312.449951,1365.680054,1365.680054,78385710000,53.230103,3.89769938,,,2.873625734
01-03-2012,1365.900024,1419.150024,1340.030029,1408.469971,1408.469971,83899660000,42.569947,3.022424892,,,2.908101049
01-04-2012,1408.469971,1422.380005,1357.380005,1397.910034,1397.910034,74761710000,-10.559937,-0.755408914,,,2.933916274
01-05-2012,1397.859985,1415.319946,1291.97998,1310.329956,1310.329956,86920490000,-87.530029,-6.67999908,,,2.941926933
01-06-2012,1309.869995,1363.459961,1266.73999,1362.160034,1362.160034,81582440000,52.290039,3.838758861,,,2.950986439
01-07-2012,1362.329956,1391.73999,1325.410034,1379.319946,1379.319946,73103810000,16.98999,1.231765701,,,2.978584013
01-08-2012,1379.319946,1426.680054,1354.650024,1406.579956,1406.579956,70283810000,27.26001,1.938034868,,,3.01767682
01-09-2012,1406.540039,1474.51001,1396.560059,1440.670044,1440.670044,69784280000,34.130005,2.369036903,,,3.022424892
01-10-2012,1440.900024,1470.959961,1403.280029,1412.160034,1412.160034,71752320000,-28.73999,-2.035179392,,,3.052856609
01-11-2012,1412.199951,1434.27002,1343.349976,1416.180054,1416.180054,71489310000,3.980103,0.281044984,,,3.056736636
01-12-2012,1416.339966,1448,1398.109985,1426.189941,1426.189941,66388180000,9.849975,0.690649591,,,3.079742031
01-01-2013,1426.189941,1509.939941,1426.189941,1498.109985,1498.109985,75848510000,71.920044,4.800718553,,,3.135311864
01-02-2013,1498.109985,1530.939941,1485.01001,1514.680054,1514.680054,69273480000,16.570069,1.093964957,,,3.147073537
01-03-2013,1514.680054,1570.280029,1501.47998,1569.189941,1569.189941,68527110000,54.509887,3.47375965,,,3.152317372
01-04-2013,1569.180054,1597.569946,1536.030029,1597.569946,1597.569946,77098000000,28.389892,1.777067231,,,3.158709847
01-05-2013,1597.550049,1687.180054,1581.280029,1630.73999,1630.73999,76447250000,33.189941,2.035268725,,,3.189458167
01-06-2013,1631.709961,1654.189941,1560.329956,1606.280029,1606.280029,74946790000,-25.429932,-1.583156831,,,3.28173915
01-07-2013,1609.780029,1698.780029,1604.569946,1685.72998,1685.72998,68106820000,75.949951,4.505463621,,,3.299585938
01-08-2013,1689.420044,1709.670044,1627.469971,1632.969971,1632.969971,64802810000,-56.450073,-3.456895963,,,3.302102204
01-09-2013,1635.949951,1729.859985,1633.410034,1681.550049,1681.550049,66174410000,45.600098,2.71178952,,,3.328585958
01-10-2013,1682.410034,1775.219971,1646.469971,1756.540039,1756.540039,76647400000,74.130005,4.220228595,,,3.347704678
01-11-2013,1758.699951,1813.550049,1746.199951,1805.810059,1805.810059,63628190000,47.110108,2.608807486,,,3.361055023
01-12-2013,1806.550049,1849.439941,1767.98999,1848.359985,1848.359985,64958820000,41.809936,2.262001793,,,3.389931294
01-01-2014,1845.859985,1850.839966,1770.449951,1782.589966,1782.589966,75871910000,-63.270019,-3.549331041,,,3.394475968
01-02-2014,1782.680054,1867.920044,1737.920044,1859.449951,1859.449951,69725590000,76.769897,4.128634759,,,3.399011643
01-03-2014,1857.680054,1883.969971,1834.439941,1872.339966,1872.339966,71885030000,14.659912,0.782972765,,,3.416452275
01-04-2014,1873.959961,1897.280029,1814.359985,1883.949951,1883.949951,71595810000,9.98999,0.530268333,,,3.427490065
01-05-2014,1884.390015,1924.030029,1859.790039,1923.569946,1923.569946,63623630000,39.179931,2.036834225,,,3.457674079
01-06-2014,1923.869995,1968.170044,1915.97998,1960.22998,1960.22998,63283380000,36.359985,1.85488363,,,3.471948672
01-07-2014,1962.290039,1991.390015,1930.670044,1930.670044,1930.670044,66524690000,-31.619995,-1.637773119,,,3.47375965
01-08-2014,1929.800049,2005.040039,1904.780029,2003.369995,2003.369995,58131140000,73.569946,3.672309468,,,3.481811584
01-09-2014,2004.069946,2019.26001,1964.040039,1972.290039,1972.290039,66706000000,-31.779907,-1.611320159,,,3.494565647
01-10-2014,1971.439941,2018.189941,1820.660034,2018.050049,2018.050049,93714040000,46.610108,2.309660656,,,3.543697824
01-11-2014,2018.209961,2075.76001,2001.01001,2067.560059,2067.560059,63600190000,49.350098,2.386876153,,,3.552177103
01-12-2014,2065.780029,2093.550049,1972.560059,2058.899902,2058.899902,80743820000,-6.880127,-0.334165201,,,3.553178337
01-01-2015,2058.899902,2072.360107,1988.119995,1994.98999,1994.98999,77330040000,-63.909912,-3.203520435,,,3.560881271
01-02-2015,1996.670044,2119.590088,1980.900024,2104.5,2104.5,68775560000,107.829956,5.12378028,,,3.619422356
01-03-2015,2105.22998,2117.52002,2039.689941,2067.889893,2067.889893,76675850000,-37.340087,-1.805709633,,,3.655691145
01-04-2015,2067.629883,2125.919922,2048.379883,2085.51001,2085.51001,72060940000,17.880127,0.857350332,,,3.672309468
01-05-2015,2087.379883,2134.719971,2067.929932,2107.389893,2107.389893,65187730000,20.01001,0.949516274,,,3.692160604
01-06-2015,2108.639893,2129.870117,2056.320068,2063.110107,2063.110107,73213980000,-45.529786,-2.206851968,,,3.714434877
01-07-2015,2067,2132.820068,2044.02002,2103.840088,2103.840088,77920590000,36.840088,1.751087842,,,3.716072056
01-08-2015,2104.48999,2112.659912,1867.01001,1972.180054,1972.180054,84626790000,-132.309936,-6.708816253,,,3.734542875
01-09-2015,1970.089966,2020.859985,1871.910034,1920.030029,1920.030029,79989370000,-50.059937,-2.607247608,,,3.774069291
01-10-2015,1919.650024,2094.320068,1893.699951,2079.360107,2079.360107,85844900000,159.710083,7.680732282,,,3.794188006
01-11-2015,2080.76001,2116.47998,2019.390015,2080.409912,2080.409912,75943590000,-0.350098,-0.016828318,,,3.821122742
01-12-2015,2082.929932,2104.27002,1993.26001,2043.939941,2043.939941,83649260000,-38.989991,-1.907589857,,,3.838758861
01-01-2016,2038.199951,2038.199951,1812.290039,1940.23999,1940.23999,92409770000,-97.959961,-5.048857951,,,3.855164874
01-02-2016,1936.939941,1962.959961,1810.099976,1932.22998,1932.22998,93049560000,-4.709961,-0.243757785,,,3.878321363
01-03-2016,1937.089966,2072.209961,1937.089966,2059.73999,2059.73999,92639420000,122.650024,5.954636245,,,3.89769938
01-04-2016,2056.620117,2111.050049,2033.800049,2065.300049,2065.300049,81124990000,8.679932,0.420274623,,,3.939391892
01-05-2016,2067.169922,2103.47998,2025.910034,2096.949951,2096.949951,78883600000,29.780029,1.420159264,,,3.943042304
01-06-2016,2093.939941,2120.550049,1991.680054,2098.860107,2098.860107,86852700000,4.920166,0.234420864,,,3.953431161
01-07-2016,2099.340088,2177.090088,2074.02002,2173.600098,2173.600098,69530250000,74.26001,3.416452275,,,3.992085971
01-08-2016,2173.149902,2193.810059,2147.580078,2170.949951,2170.949951,75610310000,-2.199951,-0.101335869,,,4.021364617
01-09-2016,2171.330078,2187.870117,2119.120117,2168.27002,2168.27002,77023620000,-3.060058,-0.141129009,,,4.080283418
01-10-2016,2164.330078,2169.600098,2114.719971,2126.149902,2126.149902,72915530000,-38.180176,-1.795742434,,,4.088088038
01-11-2016,2128.679932,2214.100098,2083.790039,2198.810059,2198.810059,88445380000,70.130127,3.189458167,,,4.128634759
01-12-2016,2200.169922,2277.530029,2187.439941,2238.830078,2238.830078,75344550000,38.660156,1.726801707,,,4.146250823
01-01-2017,2251.570068,2300.98999,2245.129883,2278.870117,2278.870117,70576420000,27.300049,1.197964237,,,4.151462807
01-02-2017,2285.590088,2371.540039,2271.649902,2363.639893,2363.639893,69260940000,78.049805,3.302102204,,,4.164311338
01-03-2017,2380.129883,2400.97998,2322.25,2362.719971,2362.719971,81664010000,-17.409912,-0.736858884,,,4.220228595
01-04-2017,2362.340088,2398.159912,2328.949951,2384.199951,2384.199951,65369860000,21.859863,0.916863663,,,4.268372198
01-05-2017,2388.5,2418.709961,2352.719971,2411.800049,2411.800049,79719460000,23.300049,0.966085435,,,4.271099925
01-06-2017,2415.649902,2453.820068,2405.699951,2423.409912,2423.409912,81078810000,7.76001,0.320210376,,,4.288183669
01-07-2017,2431.389893,2484.040039,2407.699951,2470.300049,2470.300049,63348090000,38.910156,1.575118618,,,4.311814201
01-08-2017,2477.100098,2490.870117,2417.350098,2471.649902,2471.649902,70784900000,-5.450196,-0.220508414,,,4.370471956
01-09-2017,2474.419922,2519.439941,2446.550049,2519.360107,2519.360107,66624120000,44.940185,1.783793626,,,4.505463621
01-10-2017,2521.199951,2582.97998,2520.399902,2575.26001,2575.26001,71088550000,54.060059,2.0992078,,,4.505674166
01-11-2017,2583.209961,2657.73999,2557.449951,2647.580078,2647.580078,73416960000,64.370117,2.431281212,,,4.565791118
01-12-2017,2645.100098,2694.969971,2605.52002,2673.610107,2673.610107,65531700000,28.510009,1.066348789,,,4.603657132
01-01-2018,2683.72998,2872.870117,2682.360107,2823.810059,2823.810059,77318690000,140.080079,4.960676394,,,4.756980622
01-02-2018,2816.449951,2835.959961,2532.689941,2713.830078,2713.830078,79933970000,-102.619873,-3.781366926,,,4.770061776
01-03-2018,2715.219971,2801.899902,2585.889893,2640.870117,2640.870117,76803890000,-74.349854,-2.815354436,,,4.782697276
01-04-2018,2633.449951,2717.48999,2553.800049,2648.050049,2648.050049,70194700000,14.600098,0.551352797,,,4.800718553
01-05-2018,2642.959961,2742.23999,2594.620117,2705.27002,2705.27002,76011820000,62.310059,2.303284276,,,4.831290999
01-06-2018,2718.699951,2791.469971,2691.98999,2718.370117,2718.370117,77891360000,-0.329834,-0.012133521,,,4.843350667
01-07-2018,2704.949951,2848.030029,2698.949951,2816.290039,2816.290039,64898300000,111.340088,3.953431161,,,4.960676394
01-08-2018,2821.169922,2916.5,2796.340088,2901.52002,2901.52002,69523070000,80.350098,2.769241551,,,5.014648933
01-09-2018,2896.959961,2940.909912,2864.120117,2913.97998,2913.97998,63031510000,17.020019,0.584081535,,,5.04708814
01-10-2018,2926.290039,2939.860107,2603.540039,2711.73999,2711.73999,91930980000,-214.550049,-7.911896044,,,5.048199865
01-11-2018,2717.580078,2815.149902,2631.090088,2760.169922,2760.169922,80620020000,42.589844,1.543015293,,,5.050263796
01-12-2018,2790.5,2800.179932,2346.580078,2506.850098,2506.850098,84162180000,-283.649902,-11.31499256,,,5.12378028
01-01-2019,2476.959961,2708.949951,2443.959961,2704.100098,2704.100098,80859870000,227.140137,8.399842046,,,5.127935028
01-02-2019,2702.320068,2813.48999,2681.830078,2784.48999,2784.48999,70638770000,82.169922,2.950986439,,,5.141638824
01-03-2019,2798.219971,2860.310059,2722.27002,2834.399902,2834.399902,79159660000,36.179931,1.276458236,,,5.162779976
01-04-2019,2848.629883,2949.52002,2848.629883,2945.830078,2945.830078,70090370000,97.200195,3.299585938,,,5.18894549
01-05-2019,2952.330078,2954.129883,2750.52002,2752.060059,2752.060059,77250740000,-200.270019,-7.277094784,,,5.209809751
01-06-2019,2751.530029,2964.149902,2728.810059,2941.76001,2941.76001,71250630000,190.229981,6.466536371,,,5.336672231
01-07-2019,2971.409912,3027.97998,2952.219971,2980.379883,2980.379883,70599470000,8.969971,0.300967372,,,5.398851674
01-08-2019,2980.320068,3013.590088,2822.120117,2926.459961,2926.459961,80269220000,-53.860107,-1.840452551,,,5.42609738
01-09-2019,2909.01001,3021.98999,2891.850098,2976.73999,2976.73999,74178980000,67.72998,2.275307223,,,5.468093653
01-10-2019,2983.689941,3050.100098,2855.939941,3037.560059,3037.560059,77720640000,53.870118,1.773466761,,,5.477850504
01-11-2019,3050.719971,3154.26001,3050.719971,3140.97998,3140.97998,72410620000,90.260009,2.873625734,,,5.478743152
01-12-2019,3143.850098,3247.929932,3070.330078,3230.780029,3230.780029,72325540000,86.929931,2.690679347,,,5.518260727
01-01-2020,3244.669922,3337.77002,3214.639893,3225.52002,3225.52002,77287980000,-19.149902,-0.593699679,,,5.533550289
01-02-2020,3235.659912,3393.52002,2855.840088,2954.219971,2954.219971,84436590000,-281.439941,-9.526709039,,,5.582527154
01-03-2020,2974.280029,3136.719971,2191.860107,2584.590088,2584.590088,1.62185E+11,-389.689941,-15.07743695,,,5.64867833
01-04-2020,2498.080078,2954.860107,2447.48999,2912.429932,2912.429932,1.23608E+11,414.349854,14.2269467,,,5.657628621
01-05-2020,2869.090088,3068.669922,2766.639893,3044.310059,3044.310059,1.07135E+11,175.219971,5.755654569,,,5.722556462
01-06-2020,3038.780029,3233.129883,2965.659912,3100.290039,3100.290039,1.31459E+11,61.51001,1.984008245,,,5.755654569
01-07-2020,3105.919922,3279.98999,3101.169922,3271.120117,3271.120117,96928130000,165.200195,5.050263796,,,5.777447919
01-08-2020,3288.26001,3514.77002,3284.530029,3500.310059,3500.310059,82466520000,212.050049,6.058036158,,,5.873096667
01-09-2020,3507.439941,3588.110107,3209.449951,3363,3363,92310780000,-144.439941,-4.294972971,,,5.88585546
01-10-2020,3385.870117,3549.850098,3233.939941,3269.959961,3269.959961,89938980000,-115.910156,-3.544696491,,,5.954636245
01-11-2020,3296.199951,3645.98999,3279.73999,3621.629883,3621.629883,1.01247E+11,325.429932,8.985731356,,,6.007354541
01-12-2020,3645.870117,3760.199951,3633.399902,3756.070068,3756.070068,96375680000,110.199951,2.933916274,,,6.058036158
01-01-2021,3764.610107,3870.899902,3662.709961,3714.23999,3714.23999,1.06118E+11,-50.370117,-1.356135229,,,6.108715993
01-02-2021,3731.169922,3950.429932,3725.620117,3811.149902,3811.149902,99082320000,79.97998,2.098578698,,,6.258326877
01-03-2021,3842.51001,3994.409912,3723.340088,3972.889893,3972.889893,1.22371E+11,130.379883,3.28173915,,,6.309423968
01-04-2021,3992.780029,4218.779785,3992.780029,4181.169922,4181.169922,83124090000,188.389893,4.505674166,,,6.399782275
01-05-2021,4191.97998,4238.040039,4056.879883,4204.109863,4204.109863,88321860000,12.129883,0.288524406,,,6.466536371
01-06-2021,4216.52002,4302.430176,4164.399902,4297.5,4297.5,1.02544E+11,80.97998,1.884350902,,,6.581273871
01-07-2021,4300.72998,4429.970215,4233.129883,4395.259766,4395.259766,84255620000,94.529786,2.150721255,,,6.639324952
01-08-2021,4406.859863,4537.359863,4367.72998,4522.680176,4522.680176,80500760000,115.820313,2.560877809,,,6.646107012
01-09-2021,4528.799805,4545.850098,4305.910156,4307.540039,4307.540039,85528860000,-221.259766,-5.136568993,,,6.671954492
01-10-2021,4317.160156,4608.080078,4278.939941,4605.379883,4605.379883,80253600000,288.219727,6.258326877,,,6.750513869
01-11-2021,4610.620117,4743.830078,4560,4567,4567,88268840000,-43.620117,-0.955115327,,,6.771727962
01-12-2021,4602.819824,4808.930176,4495.120117,4766.180176,4766.180176,92750180000,163.360352,3.427490065,,,6.783226026
01-01-2022,4778.140137,4818.620117,4222.620117,4515.549805,4515.549805,95562890000,-262.590332,-5.815246057,,,6.83601472
01-02-2022,4519.569824,4595.310059,4114.649902,4373.939941,4373.939941,92667710000,-145.629883,-3.329489773,,,6.919783808
01-03-2022,4363.140137,4637.299805,4157.870117,4530.410156,4530.410156,1.23546E+11,167.270019,3.692160604,,,6.991963265
01-04-2022,4540.319824,4593.450195,4124.279785,4131.930176,4131.930176,90367840000,-408.389648,-9.883749981,,,7.133482287
01-05-2022,4130.609863,4307.660156,3810.320068,4132.149902,4132.149902,1.0886E+11,1.540039,0.037269679,,,7.248167068
01-06-2022,4149.779785,4177.509766,3636.870117,3785.379883,3785.379883,1.06117E+11,-364.399902,-9.626508125,,,7.432625878
01-07-2022,3781,4140.149902,3721.560059,4130.290039,4130.290039,81688320000,349.290039,8.456792034,,,7.496836286
01-08-2022,4112.379883,4325.279785,3954.530029,3955,3955,92252350000,-157.379883,-3.979263793,,,7.680732282
01-09-2022,3936.72998,4119.279785,3584.129883,3585.620117,3585.620117,94241020000,-351.109863,-9.792165694,,,7.957006436
01-10-2022,3609.780029,3905.419922,3491.580078,3871.97998,3871.97998,95823760000,262.199951,6.771727962,,,8.016121971
01-11-2022,3901.790039,4080.110107,3698.149902,4080.110107,4080.110107,92671910000,178.320068,4.370471956,,,8.024208605
01-12-2022,4087.139893,4100.959961,3764.48999,3839.5,3839.5,85249330000,-247.639893,-6.449795364,,,8.11950331
01-01-2023,3853.290039,4094.209961,3794.330078,4076.600098,4076.600098,80763810000,223.310059,5.477850504,,,8.399842046
01-02-2023,4070.070068,4195.439941,3943.080078,3970.149902,3970.149902,80392280000,-99.920166,-2.516785725,,,8.424001903
01-03-2023,3963.340088,4110.75,3808.860107,4109.310059,4109.310059,1.13095E+11,145.969971,3.552177103,,,8.456792034
01-04-2023,4102.200195,4170.060059,4049.350098,4169.47998,4169.47998,70861260000,67.279785,1.613625328,,,8.560290326
01-05-2023,4166.790039,4231.100098,4048.280029,4179.830078,4179.830078,88929200000,13.040039,0.311975338,,,8.819009721
01-06-2023,4183.029785,4458.47998,4171.640137,4450.379883,4450.379883,87983140000,267.350098,6.007354541,,,8.985731356
01-07-2023,4450.47998,4607.069824,4385.049805,4588.959961,4588.959961,75063200000,138.479981,3.01767682,,,9.076427995
01-08-2023,4578.830078,4584.620117,4335.310059,4507.660156,4507.660156,86840820000,-71.169922,-1.578866186,,,9.741489127
01-09-2023,4530.600098,4541.25,4238.629883,4288.049805,4288.049805,73482980000,-242.550293,-5.656424343,,,10.06497672
01-10-2023,4284.52002,4393.569824,4103.779785,4193.799805,4193.799805,83519460000,-90.720215,-2.163198513,,,11.64258265
01-11-2023,4201.27002,4587.640137,4197.740234,4567.799805,4567.799805,80970570000,366.529785,8.024208605,,,14.2269467
